1430374275172,com.android.bluetooth.hid.HidService,com.android.bluetooth,1002,0,41054,[],false,true,1,1,41062,
1430374275172,com.android.bluetooth.hid.HidService,com.android.bluetooth,1002,0,41054,[],false,true,1,1,41062,
1430374275172,com.android.bluetooth.hid.HidService,com.android.bluetooth,1002,0,41054,[],false,true,1,1,41062,
1430374275172,com.android.bluetooth.hid.HidService,com.android.bluetooth,1002,0,41054,[],false,true,1,1,41062,
1430374275172,com.android.bluetooth.hid.HidService,com.android.bluetooth,1002,0,41054,[],false,true,1,1,41062,
1430374275172,com.android.bluetooth.hid.HidService,com.android.bluetooth,1002,0,41054,[],false,true,1,1,41062,
1430374275172,com.android.bluetooth.hid.HidService,com.android.bluetooth,1002,0,41054,[],false,true,1,1,41062,
1430374275172,com.android.bluetooth.hid.HidService,com.android.bluetooth,1002,0,41054,[],false,true,1,1,41062,
1430374275172,com.android.bluetooth.hid.HidService,com.android.bluetooth,1002,0,41054,[],false,true,1,1,41062,
1430374275172,com.android.bluetooth.hid.HidService,com.android.bluetooth,1002,0,41054,[],false,true,1,1,41062,
1430374275172,com.android.bluetooth.hid.HidService,com.android.bluetooth,1002,0,41054,[],false,true,1,1,41062,
1430374275172,com.android.bluetooth.hid.HidService,com.android.bluetooth,1002,0,41054,[],false,true,1,1,41062,
1430374275172,com.android.bluetooth.hid.HidService,com.android.bluetooth,1002,0,41054,[],false,true,1,1,41062,
1430374275172,com.android.bluetooth.hid.HidService,com.android.bluetooth,1002,0,41054,[],false,true,1,1,41062,
1430374275172,com.android.bluetooth.hid.HidService,com.android.bluetooth,1002,0,41054,[],false,true,1,1,41062,
1430374275172,com.android.bluetooth.hid.HidService,com.android.bluetooth,1002,0,41054,[],false,true,1,1,41062,
1430374275172,com.android.bluetooth.hid.HidService,com.android.bluetooth,1002,0,41054,[],false,true,1,1,41062,
1430374275172,com.android.bluetooth.hid.HidService,com.android.bluetooth,1002,0,41054,[],false,true,1,1,41062,
1430374275172,com.android.bluetooth.hid.HidService,com.android.bluetooth,1002,0,41054,[],false,true,1,1,41062,
1430374275172,com.android.bluetooth.hid.HidService,com.android.bluetooth,1002,0,41054,[],false,true,1,1,41062,
1430374275172,com.android.bluetooth.hid.HidService,com.android.bluetooth,1002,0,41054,[],false,true,1,1,41062,
1430374275172,com.android.bluetooth.hid.HidService,com.android.bluetooth,1002,0,41054,[],false,true,1,1,41062,
1430374275172,com.android.bluetooth.hid.HidService,com.android.bluetooth,1002,0,41054,[],false,true,1,1,41062,
